{"resourceType":"ImplementationGuide","id":"hl7.fhir.us.nhsn.ltc-1.0.0","meta":{"versionId":"6","lastUpdated":"2019-06-26T09:44:25.000+10:00"},"text":{"status":"generated","div":"<div xmlns=\"http://www.w3.org/1999/xhtml\"><h2>HealthcareAssociatedInfectionReportsLongTermCareFacilities</h2><p>The official URL for this implementation guide is: </p><pre>http://hl7.org/fhir/us/hai/ImplementationGuide/hl7-fhir-us-hai-ltcf</pre><div><p>This implementation guide (IG) specifies standards for electronic submission of Healthcare Associated Infection (HAI) Long Term Care Facilities (LTCF) reports to the National Healthcare Safety Network (NHSN) of the Centers for Disease Control and Prevention (CDC). This IG contains a library of FHIR profiles for electronic submission of HAI LTCF reports to the NHSN.</p>\n<p>As reports are modified and new report types are defined, CDC and Health Level Seven (HL7) will develop and publish additional constraints.</p>\n<p>Throughout this process, CDC remains the authority on NHSN data collection protocols. When healthcare enterprises choose to participate in NHSN, they must report to CDC occurrences such as specific reportable procedures, even those without complications, and events such as a bloodstream infection, either confirmed by a positive blood culture or supported by a patients clinical symptoms. This specification opens the channel for data submission by all applications compliant with the data coding requirements defined here.</p>\n<p>Note that participation in the NHSN requires enrollment and filing of reporting plans, which are not defined by this specification. For an overview of NHSN and full information on NHSN participation requirements, see: <a href=\"http://www.cdc.gov/nhsn\">http://www.cdc.gov/nhsn</a>. Provisions of the Public Health Service Act protect all data reported to NHSN from discovery through the Freedom of Information Act (FOIA).</p>\n</div></div>"},"url":"http://hl7.org/fhir/us/hai/ImplementationGuide/hl7-fhir-us-hai-ltcf","version":"1.0.0","name":"HealthcareAssociatedInfectionReportsLongTermCareFacilities","title":"Healthcare Associated Infection Reports (HAI) Long Term Care Facilities (LTCF), FHIR STU 1 Ballot - US Realm","status":"draft","experimental":false,"description":"This implementation guide (IG) specifies standards for electronic submission of Healthcare Associated Infection (HAI) Long Term Care Facilities (LTCF) reports to the National Healthcare Safety Network (NHSN) of the Centers for Disease Control and Prevention (CDC). This IG contains a library of FHIR profiles for electronic submission of HAI LTCF reports to the NHSN.\n\nAs reports are modified and new report types are defined, CDC and Health Level Seven (HL7) will develop and publish additional constraints.\n\nThroughout this process, CDC remains the authority on NHSN data collection protocols. When healthcare enterprises choose to participate in NHSN, they must report to CDC occurrences such as specific reportable procedures, even those without complications, and events such as a bloodstream infection, either confirmed by a positive blood culture or supported by a patients clinical symptoms. This specification opens the channel for data submission by all applications compliant with the data coding requirements defined here.\n\nNote that participation in the NHSN requires enrollment and filing of reporting plans, which are not defined by this specification. For an overview of NHSN and full information on NHSN participation requirements, see: [http://www.cdc.gov/nhsn](http://www.cdc.gov/nhsn). Provisions of the Public Health Service Act protect all data reported to NHSN from discovery through the Freedom of Information Act (FOIA).","packageId":"hl7.fhir.us.nhsn.ltc","license":"CC0-1.0","fhirVersion":["4.0.0"],"dependsOn":[{"uri":"http://hl7.org/fhir/us/core/ImplementationGuide/hl7.fhir.us.core-3.0.0","packageId":"hl7.fhir.us.core","version":"3.0.0"}],"definition":{"resource":[{"extension":[{"url":"http://hl7.org/fhir/StructureDefinition/implementationguide-page","valueUri":"Questionnaire-hai-ltcf-questionnaire-mdro-cdi-event.html"}],"reference":{"reference":"Questionnaire/hai-ltcf-questionnaire-mdro-cdi-event","display":"Instance Questionnaire: Laboratory Identified MDRO or CDI Event Report for LTCF"},"name":"Instance Questionnaire: Laboratory Identified MDRO or CDI Event Report for LTCF","exampleBoolean":true},{"extension":[{"url":"http://hl7.org/fhir/StructureDefinition/implementationguide-page","valueUri":"QuestionnaireResponse-hai-ltcf-questionnaireresponse-mdro-cdi-event.html"}],"reference":{"reference":"QuestionnaireResponse/hai-ltcf-questionnaireresponse-mdro-cdi-event","display":"Example QuestionnaireResponse: hai-ltcf-questionnaireresponse-mdro-cdi-event.xml"},"name":"Instance QuestionnaireResponse: hai-ltcf-questionnaireresponse-mdro-cdi-event.xml","exampleBoolean":true},{"extension":[{"url":"http://hl7.org/fhir/StructureDefinition/implementationguide-page","valueUri":"Questionnaire-hai-ltcf-questionnaire-mdro-cdi-summary.html"}],"reference":{"reference":"Questionnaire/hai-ltcf-questionnaire-mdro-cdi-summary","display":"Instance Questionnaire: Laboratory Identified MDRO or CDI Event Report for LTCF"},"name":"Instance Questionnaire: MDRO and CDI LabID Event Reporting Monthly Summary Data for LTCF","exampleBoolean":true},{"extension":[{"url":"http://hl7.org/fhir/StructureDefinition/implementationguide-page","valueUri":"QuestionnaireResponse-hai-ltcf-questionnaireresponse-mdro-cdi-summary.html"}],"reference":{"reference":"QuestionnaireResponse/hai-ltcf-questionnaireresponse-mdro-cdi-summary","display":"Example QuestionnaireResponse: hai-ltcf-questionnaireresponse-mdro-cdi-summary.xml"},"name":"Instance QuestionnaireResponse: hai-ltcf-questionnaireresponse-mdro-cdi-summary.xml","exampleBoolean":true},{"extension":[{"url":"http://hl7.org/fhir/StructureDefinition/implementationguide-page","valueUri":"Patient-hai-ltcf-resident-1.html"}],"reference":{"reference":"Patient/hai-ltcf-resident-1","display":"Example Resident: HAI LTCF Resident 1"},"name":"Example Resident: HAI Resident 1","exampleBoolean":true},{"extension":[{"url":"http://hl7.org/fhir/StructureDefinition/implementationguide-page","valueUri":"Group-hai-ltcf-group-1.html"}],"reference":{"reference":"Group/hai-ltcf-group-1","display":"Example Group: HAI LTCF Group 1"},"name":"Example Group: HAI LTCF Group 1","exampleBoolean":true},{"extension":[{"url":"http://hl7.org/fhir/StructureDefinition/implementationguide-page","valueUri":"Device-hai-ltcf-authoring-device.html"}],"reference":{"reference":"Device/hai-ltcf-authoring-device","display":"Example Device: HAI LTCF Authoring Device"},"name":"Example Device: HAI LTCF Authoring Device","exampleBoolean":true}],"page":{"nameUrl":"home.md","title":"Healthcare Associated Infection Reports (FHIR)","generation":"markdown","page":[{"nameUrl":"Relationship_to_Another_Standard.html","title":"Relationship to Another Standard","generation":"markdown"},{"nameUrl":"Audience.html","title":"Audience","generation":"markdown"},{"nameUrl":"Design_Considerations.html","title":"Design Considerations","generation":"markdown"},{"nameUrl":"References.html","title":"References","generation":"markdown"},{"nameUrl":"Acknowledgements.html","title":"Acknowledgements","generation":"markdown"}]}}}