{
  "resourceType": "Device",
  "id": "hai-ltcf-authoring-device",
  "meta": {
    "versionId": "1",
    "lastUpdated": "2019-06-25T19:23:41.000-04:00"
  },
  "text": {
    "status": "generated",
    "div": "<div xmlns=\"http://www.w3.org/1999/xhtml\">\n            <p>\n                <b>id</b>: hai-ltcf-authoring-device\n            \n            </p>\n            <p>\n                <b>Id</b>: 2.16.840.1.113883.3.117.1.1.5.1.1.2:anAuthorID\n            \n            </p>\n        </div>"
  },
  "identifier": [
    {
      "system": "urn:oid:2.16.840.1.113883.3.117.1.1.5.1.1.2",
      "value": "anAuthorId"
    }
  ]
}